Video,Bestandsnaam,Thema,Hashtags
ScreenshotSlideshow,seniorease-slideshow-DATUM.mp4,App features overzicht,"#seniorease #bookcollection #bookapp #organizedbookshelves #booksoftiktok #cdcollection #dvdcollection #booktracker #androidapp #googleplay"
FeatureDemo,seniorease-feature-demo-DATUM.mp4,Hoe werkt het — stap voor stap,"#howto #bookapp #barcodescanner #seniorease #booksoftiktok #readingtracker #androidapp #techtips #bookcollection #organisation"
HeartTransformation,seniorease-heart-animatie-DATUM.mp4,Emotioneel verhaal — stop dubbelkopen,"#booktok #bookhaul #seniorease #neverbuythesame #bookorganization #cdcollection #dvdcollection #bookapp #readinglife #booklover"
DoubleBuyVideo,seniorease-doublebuy-DATUM.mp4,Stop buying the same book twice,"#booktok #bookhaul #bookcollection #seniorease #bookorganizer #readingtracker #booksoftiktok #booklover #librarylove #booknerds"
VinylSlideshow,seniorease-vinyl-DATUM.mp4,Vinyl platen collectie bijhouden,"#vinyl #vinylcollection #vinylrecords #recordcollector #seniorease #lpcollection #musiccollection #vinylcommunity #recordshelf #analogmusic"
GamesSlideshow,seniorease-games-DATUM.mp4,Games collectie bijhouden,"#gamecollection #boardgames #videogames #seniorease #gamer #gameorganizer #boardgametiktok #tabletopgames #gameshelf #androidapp"
DadRecordFair,seniorease-dad-record-fair-en-DATUM.mp4,Dad vinyl record fair personal story,"#vinyl #recordfair #vinylcollector #seniorease #androidapp #familylife #lpcollection #recordcollector"
PlayStoreSlideshow,seniorease-playstore-DATUM.mp4,Play Store screenshots slideshow,"#seniorease #googleplay #androidapp #newapp #bookcollection #appoftheday #booktok #organisation #androidapps #newonplaystore"
NowOnPlayStore,seniorease-nowonplaystore-DATUM.mp4,Beschikbaar in de Play Store — aankondiging,"#newapp #googleplay #seniorease #booktok #androidapp #apprelease #bookcollection #nowavailable #bookapp #organisation"
