date,weekday,platform,time_cet,content_id,content_type,media_file,caption,hashtags,status,notes
2026-06-02,Mon,tiktok,19:30,curated-vinyl,reel,curated/en/seniorease-vinyl.mp4,"Bought the same vinyl again? Scan first and check your collection in seconds. Download SeniorEase on Google Play.","#vinyl #vinylcollection #vinylrecords #recordcollector #seniorease #lpcollection #androidapp",pending,
2026-06-02,Mon,instagram,20:00,curated-vinyl,reel,curated/en/seniorease-vinyl.mp4,"Never accidentally buy the same LP twice. Scan the barcode — check your collection before you buy. Try SeniorEase free (link in bio).","#vinyl #vinylcollection #seniorease #recordcollector #androidapp #collectors",pending,
2026-06-03,Tue,tiktok,19:30,1,reel,output/seniorease-script-en-1-*.mp4,"Bought the same vinyl again? Scan first and check your collection in seconds. Download SeniorEase on Google Play.","#seniorease #collection #vinyl #androidapp #bookcollector",pending,
2026-06-03,Tue,instagram,20:00,1,reel,output/seniorease-script-en-1-*.mp4,"Bought a duplicate again? SeniorEase checks your collection in seconds. Free to try — link in bio.","#seniorease #vinyl #androidapp #bookcollector #collectors",pending,
2026-06-04,Wed,tiktok,19:30,2,reel,output/seniorease-script-en-2-*.mp4,"Did I already read this book? Scan and know instantly. Try SeniorEase free.","#books #booktok #collectionapp #android #seniorease",pending,
2026-06-04,Wed,instagram,20:00,2,reel,output/seniorease-script-en-2-*.mp4,"Not sure in the store? Scan and know instantly. Download SeniorEase on Google Play — link in bio.","#books #booktok #seniorease #androidapp #reading",pending,
2026-06-05,Thu,tiktok,19:30,curated-carousel,carousel,"curated/en/Screenshot1Scan.png … Screenshot5NoAccount.png","Your calm collection app: scan, organize, track, export — no account needed. Download SeniorEase on Google Play.","#seniorease #collectionapp #androidapp #booktok #vinyl #googleplay",pending,5 images in order
2026-06-05,Thu,instagram,20:00,curated-carousel,carousel,"curated/en/Screenshot1Scan.png … Screenshot5NoAccount.png","Scan anything · Your library · Track status · Export · No account. Swipe through how SeniorEase works. Link in bio.","#seniorease #androidapp #bookcollection #collectors #organization",pending,5 images in order
2026-06-06,Fri,tiktok,19:30,3,reel,output/seniorease-script-en-3-*.mp4,"No new account needed. No ads. Just your collection. Download SeniorEase on Google Play.","#privacy #noaccount #androidapp #seniorease",pending,
2026-06-06,Fri,instagram,20:00,3,reel,output/seniorease-script-en-3-*.mp4,"No account, no hassle. Just your collection on your phone. Try free — link in bio.","#privacy #noaccount #seniorease #androidapp #simpleapp",pending,
2026-06-09,Mon,tiktok,19:30,4,reel,output/seniorease-script-en-4-*.mp4,"Books, vinyl, DVDs and games in one calm app. Download SeniorEase on Google Play.","#books #vinyl #dvd #games #collectionapp #seniorease",pending,
2026-06-09,Mon,instagram,20:00,4,reel,output/seniorease-script-en-4-*.mp4,"Everything in one place. Real calm. Books, vinyl, DVDs & games — link in bio.","#collection #books #vinyl #seniorease #androidapp",pending,
2026-06-10,Tue,tiktok,19:30,curated-games,reel,curated/en/seniorease-games.mp4,"Never buy a game you already own. Scan your collection in seconds. Download SeniorEase on Google Play.","#gamecollection #boardgames #videogames #seniorease #androidapp #gamer",pending,
2026-06-10,Tue,instagram,20:00,curated-games,reel,curated/en/seniorease-games.mp4,"Got a game collection? Scan before you buy. Try SeniorEase free — link in bio.","#gamecollection #boardgames #seniorease #androidapp #collectors",pending,
2026-06-11,Wed,tiktok,19:30,5,reel,output/seniorease-script-en-5-*.mp4,"No signal at the market? Your list still works offline. Download SeniorEase on Google Play.","#offline #thrift #market #android #seniorease",pending,
2026-06-11,Wed,instagram,20:00,5,reel,output/seniorease-script-en-5-*.mp4,"Keep control, even without internet. Your collection stays on your phone. Link in bio.","#offline #thriftfinds #seniorease #androidapp #collectorlife",pending,
2026-06-12,Thu,tiktok,19:30,6,reel,output/seniorease-script-en-6-*.mp4,"Start free, unlock once. No monthly subscription. Download SeniorEase on Google Play.","#nosubscription #androidapp #seniorease #bookcollector #vinylcollector",pending,
2026-06-12,Thu,instagram,20:00,6,reel,output/seniorease-script-en-6-*.mp4,"Pay once and you are done. No subscription. Try free — link in bio.","#nosubscription #seniorease #android #googleplay #collectors",pending,
2026-06-13,Fri,tiktok,19:30,7,reel,output/seniorease-script-en-7-*.mp4,"5-second thrift rule: scan first, buy second. Download SeniorEase on Google Play.","#thrift #bookshopping #vinyl #tip #seniorease",pending,
2026-06-13,Fri,instagram,20:00,7,reel,output/seniorease-script-en-7-*.mp4,"Small habit, fewer duplicate buys. Scan first — link in bio.","#thrifttip #books #vinyl #seniorease #android",pending,
2026-06-16,Mon,tiktok,19:30,8,reel,output/seniorease-script-en-8-*.mp4,"If other apps feel too busy, this one is for you. Download on Google Play.","#simpleapp #clearui #androidapp #seniorease #collectors",pending,
2026-06-16,Mon,instagram,20:00,8,reel,output/seniorease-script-en-8-*.mp4,"A calm app for real collectors. Simple, clear, private — link in bio.","#simpleui #calmtech #seniorease #androidapp #collectors",pending,
2026-06-17,Tue,tiktok,19:30,curated-playstore,reel,curated/en/seniorease-playstore.mp4,"Scan, organize, track, export — no account needed. Download SeniorEase on Google Play.","#seniorease #googleplay #androidapp #bookcollection #organisation #nosubscription",pending,
2026-06-17,Tue,instagram,20:00,curated-playstore,reel,curated/en/seniorease-playstore.mp4,"Books, music, DVDs and games — all in one app. No subscription. Link in bio.","#seniorease #googleplay #androidapp #bookcollection #collectors",pending,
2026-06-18,Wed,tiktok,19:30,9,reel,output/seniorease-script-en-9-*.mp4,"From messy notes to one searchable collection. Try SeniorEase free.","#organize #collection #books #android #seniorease",pending,
2026-06-18,Wed,instagram,20:00,9,reel,output/seniorease-script-en-9-*.mp4,"Finally one clear overview. Try free — link in bio.","#organize #bookcollection #seniorease #android #productivity",pending,
2026-06-19,Thu,tiktok,19:30,10,reel,output/seniorease-script-en-10-*.mp4,"Collecting for years? Keep everything in one place. Download SeniorEase on Google Play.","#collecting #vinylcollection #bookcollection #seniorease",pending,
2026-06-19,Thu,instagram,20:00,10,reel,output/seniorease-script-en-10-*.mp4,"Built for collectors, not clutter. Link in bio.","#collectorlife #books #vinyl #seniorease #androidapp",pending,
2026-06-20,Fri,tiktok,19:30,11,reel,output/seniorease-script-en-11-*.mp4,"""This book looks familiar..."" Scan and check before buying. Download SeniorEase.","#books #bookstore #scan #android #seniorease",pending,
2026-06-20,Fri,instagram,20:00,11,reel,output/seniorease-script-en-11-*.mp4,"Not sure? Scan first. Link in bio.","#bookshopping #booktok #seniorease #scan #androidapp",pending,
2026-06-23,Mon,tiktok,19:30,12,reel,output/seniorease-script-en-12-*.mp4,"Stop typing manually. Scan barcodes instead. Download SeniorEase on Google Play.","#barcode #timesaver #collectionapp #android #seniorease",pending,
2026-06-23,Mon,instagram,20:00,12,reel,output/seniorease-script-en-12-*.mp4,"Stop typing. Start scanning. Link in bio.","#barcode #timesaver #seniorease #androidapp #collection",pending,
2026-06-24,Tue,tiktok,19:30,13,reel,output/seniorease-script-en-13-*.mp4,"Your collection stays yours: no account, no ads. SeniorEase on Android.","#privacyfirst #noads #androidapp #seniorease #offline",pending,
2026-06-24,Tue,instagram,20:00,13,reel,output/seniorease-script-en-13-*.mp4,"Private and simple. As it should be. Link in bio.","#privacyfirst #noads #seniorease #android #offline",pending,
2026-06-25,Wed,tiktok,19:30,14,reel,output/seniorease-script-en-14-*.mp4,"Try first: up to 10 items free, no time limit. Start today.","#freeapp #androidapps #books #collectors #seniorease",pending,
2026-06-25,Wed,instagram,20:00,14,reel,output/seniorease-script-en-14-*.mp4,"Try calmly before deciding. 10 items free — link in bio.","#freeapp #androidapps #seniorease #books #collectors",pending,
2026-06-26,Thu,tiktok,19:30,15,reel,output/seniorease-script-en-15-*.mp4,"At a record fair? Scan first to avoid duplicates. Download SeniorEase on Google Play.","#recordfair #vinylrecords #collection #androidapp #seniorease",pending,
2026-06-26,Thu,instagram,20:00,15,reel,output/seniorease-script-en-15-*.mp4,"Perfect for fairs and markets. Scan the sleeve — link in bio.","#recordfair #vinylrecords #seniorease #vinyl #androidapp",pending,
2026-06-27,Fri,tiktok,19:30,16,reel,output/seniorease-script-en-16-*.mp4,"Filter and sort your collection in one tap. Download SeniorEase.","#filter #sorting #androidapp #seniorease #productivity",pending,
2026-06-27,Fri,instagram,20:00,16,reel,output/seniorease-script-en-16-*.mp4,"Find the right item in seconds. Link in bio.","#filter #organize #seniorease #androidapp #collection",pending,
2026-06-30,Mon,tiktok,19:30,17,reel,output/seniorease-script-en-17-*.mp4,"Export your collection to PDF or CSV in one tap. Download SeniorEase on Google Play.","#export #pdf #csv #collectionmanagement #seniorease",pending,
2026-06-30,Mon,instagram,20:00,17,reel,output/seniorease-script-en-17-*.mp4,"Great for sharing or printing too. Export PDF/CSV — link in bio.","#export #pdf #seniorease #collection #androidapp",pending,
2026-07-01,Tue,tiktok,19:30,18,reel,output/seniorease-script-en-18-*.mp4,"Built for collectors who want calm and privacy. Try free on Google Play.","#collectors #privacy #simpleapp #android #seniorease",pending,
2026-07-01,Tue,instagram,20:00,18,reel,output/seniorease-script-en-18-*.mp4,"Made for real collectors. Link in bio.","#collectors #privacy #seniorease #androidapp #calmtech",pending,
2026-07-02,Wed,tiktok,19:30,19,reel,output/seniorease-script-en-19-*.mp4,"Still unsure? 14-day money-back guarantee. Try risk-free.","#riskfree #refund #androidapp #seniorease #googleplay",pending,
2026-07-02,Wed,instagram,20:00,19,reel,output/seniorease-script-en-19-*.mp4,"Try with peace of mind. Link in bio.","#riskfree #seniorease #androidapp #googleplay #collectors",pending,
2026-07-03,Thu,tiktok,19:30,20,reel,output/seniorease-script-en-20-*.mp4,"Stop buying duplicates. Scan. Check. Done. Download SeniorEase on Google Play.","#duplicates #books #vinyl #googleplay #seniorease",pending,
2026-07-03,Thu,instagram,20:00,20,reel,output/seniorease-script-en-20-*.mp4,"Short, simple, effective. Never buy the same item twice — link in bio.","#duplicates #books #vinyl #seniorease #googleplay",pending,
